Year,StateAbbr,StateDesc,CityName,GeographicLevel,Data_Value,PopulationCount,Latitude,Longitude,TractFIPS
2014,IL,Illinois,Chicago,Census Tract,24.9,4340,42.0013156187,-87.6936372815,17031020602
2014,IL,Illinois,Chicago,Census Tract,22.9,1704,41.9868915586,-87.7036896926,17031020701
2014,IL,Illinois,Chicago,Census Tract,23.7,7194,41.9941256737,-87.7048939664,17031020702
2014,IL,Illinois,Chicago,Census Tract,24.6,5458,41.9868081708,-87.6944148749,17031020801
2014,IL,Illinois,Chicago,Census Tract,24.6,6963,41.9940592426,-87.6946305995,17031020802
2014,IL,Illinois,Chicago,Census Tract,28.5,5221,41.994235579,-87.6860850849,17031020901
2014,IL,Illinois,Chicago,Census Tract,27,4286,41.9942499718,-87.6786970962,17031020902
2014,IL,Illinois,Chicago,Census Tract,26.4,3893,41.991226795,-87.6574457512,17031030101
2014,IL,Illinois,Chicago,Census Tract,26.6,3204,41.9934471481,-87.6575541537,17031030102
2014,IL,Illinois,Chicago,Census Tract,23.3,1928,41.9953823768,-87.6574596349,17031030103
2014,IL,Illinois,Chicago,Census Tract,20.8,3681,41.9971429748,-87.6576204755,17031030104
2014,IL,Illinois,Chicago,Census Tract,23.8,5369,41.9944414711,-87.6652300232,17031030200
2014,IL,Illinois,Chicago,Census Tract,29.2,3322,41.9943875467,-87.6725347948,17031030300
2014,IL,Illinois,Chicago,Census Tract,27.6,2684,41.9869515884,-87.6720788236,17031030400
2014,IL,Illinois,Chicago,Census Tract,24.3,6395,41.9872260234,-87.6649358901,17031030500
2014,IL,Illinois,Chicago,Census Tract,29.3,4012,41.9886740343,-87.657407225,17031030601
2014,IL,Illinois,Chicago,Census Tract,31.7,2095,41.9854762347,-87.6583978676,17031030603
2014,IL,Illinois,Chicago,Census Tract,24.2,2976,41.9855225467,-87.6540329938,17031030604
2014,IL,Illinois,Chicago,Census Tract,28.6,1549,41.9827452895,-87.6579658602,17031030701
2014,IL,Illinois,Chicago,Census Tract,21.8,1630,41.980689402,-87.6548217023,17031030702
2014,IL,Illinois,Chicago,Census Tract,25.3,2830,41.9788748632,-87.6578707985,17031030703
2014,IL,Illinois,Chicago,Census Tract,22.5,3599,41.9800086547,-87.6529741147,17031030706
2014,IL,Illinois,Chicago,Census Tract,22,4326,41.9799123286,-87.6641880378,17031030800
2014,IL,Illinois,Chicago,Census Tract,21.7,3028,41.9797951481,-87.6714454444,17031030900
2014,IL,Illinois,Chicago,Census Tract,21.5,3656,41.9724370647,-87.6711093697,17031031000
2014,IL,Illinois,Chicago,Census Tract,20.8,4402,41.9726684524,-87.6638662201,17031031100
2014,IL,Illinois,Chicago,Census Tract,32.8,5648,41.9727092434,-87.6573410165,17031031200
2014,IL,Illinois,Chicago,Census Tract,26.1,7076,41.9729224422,-87.6502805566,17031031300
2014,IL,Illinois,Chicago,Census Tract,20.9,5150,41.9623777118,-87.6436014771,17031031400
2014,IL,Illinois,Chicago,Census Tract,30,4083,41.9672852686,-87.6524500291,17031031501
2014,IL,Illinois,Chicago,Census Tract,32.6,4354,41.9636326365,-87.6523655681,17031031502
2014,IL,Illinois,Chicago,Census Tract,28.2,6570,41.965446622,-87.6631954411,17031031700
2014,IL,Illinois,Chicago,Census Tract,24.1,1820,41.9670114279,-87.6706209301,17031031800
2014,IL,Illinois,Chicago,Census Tract,33.4,4854,42.0212616206,-87.669844199,17031010100
2014,IL,Illinois,Chicago,Census Tract,33.8,6450,42.0160076007,-87.6801485522,17031010201
2014,IL,Illinois,Chicago,Census Tract,32.9,2818,42.0160503344,-87.6733216276,17031010202
2014,IL,Illinois,Chicago,Census Tract,30.4,6236,42.0159407401,-87.6665351055,17031010300
2014,IL,Illinois,Chicago,Census Tract,21.5,5042,42.0049106065,-87.6591544779,17031010400
2014,IL,Illinois,Chicago,Census Tract,28.8,4091,42.0094117493,-87.6639581245,17031010501
2014,IL,Illinois,Chicago,Census Tract,29.3,3101,42.004517109,-87.6633274641,17031010502
2014,IL,Illinois,Chicago,Census Tract,24.7,2290,42.0003200532,-87.6631269144,17031010503
2014,IL,Illinois,Chicago,Census Tract,27.3,6097,42.0062785882,-87.6676833145,17031010600
2014,IL,Illinois,Chicago,Census Tract,29.8,3864,42.009148161,-87.6786203564,17031010701
2014,IL,Illinois,Chicago,Census Tract,32.7,5143,42.0090200016,-87.6727257202,17031010702
2014,IL,Illinois,Chicago,Census Tract,28.8,3965,42.0157197043,-87.6871153929,17031020100
2014,IL,Illinois,Chicago,Census Tract,22.8,6676,42.0156902549,-87.699519119,17031020200
2014,IL,Illinois,Chicago,Census Tract,20.3,4750,42.0068652402,-87.7051863776,17031020301
2014,IL,Illinois,Chicago,Census Tract,24.9,4650,42.008540659,-87.694963407,17031020302
2014,IL,Illinois,Chicago,Census Tract,26.9,4168,42.0084869376,-87.6859126542,17031020400
2014,IL,Illinois,Chicago,Census Tract,27.8,6214,42.0013129042,-87.6841982374,17031020500
2014,IL,Illinois,Chicago,Census Tract,25.2,6353,42.0008746348,-87.7018024116,17031020601
2014,IL,Illinois,Chicago,Census Tract,22.9,2304,41.96337401,-87.6701840557,17031031900
2014,IL,Illinois,Chicago,Census Tract,23.7,7052,41.958153883,-87.6530178912,17031032100
2014,IL,Illinois,Chicago,Census Tract,26.3,3985,41.9833306597,-87.6819933691,17031040100
2014,IL,Illinois,Chicago,Census Tract,23.4,6218,41.9725804827,-87.6940005196,17031040201
2014,IL,Illinois,Chicago,Census Tract,26.2,7249,41.9798549133,-87.6940960217,17031040202
2014,IL,Illinois,Chicago,Census Tract,21,3069,41.9768013753,-87.70197485,17031040300
2014,IL,Illinois,Chicago,Census Tract,23,3092,41.9720667373,-87.6860816279,17031040401
2014,IL,Illinois,Chicago,Census Tract,21.2,4468,41.972545007,-87.6788180708,17031040402
2014,IL,Illinois,Chicago,Census Tract,21.7,2434,41.9668337641,-87.6840180466,17031040600
2014,IL,Illinois,Chicago,Census Tract,22.6,3123,41.9668056432,-87.694085298,17031040700
2014,IL,Illinois,Chicago,Census Tract,21.9,1514,41.9631627458,-87.6923034103,17031040800
2014,IL,Illinois,Chicago,Census Tract,21.3,1950,41.9631846579,-87.6838544254,17031040900
2014,IL,Illinois,Chicago,Census Tract,20.3,2290,41.9578451275,-87.6763729854,17031050100
2014,IL,Illinois,Chicago,Census Tract,22.3,4837,41.9577405655,-87.6837167763,17031050200
2014,IL,Illinois,Chicago,Census Tract,22.6,2365,41.9576780992,-87.6915185639,17031050300
2014,IL,Illinois,Chicago,Census Tract,20.4,4754,41.9504474332,-87.6835072769,17031050500
2014,IL,Illinois,Chicago,Census Tract,20.7,2071,41.9505466878,-87.6761813125,17031050600
2014,IL,Illinois,Chicago,Census Tract,19.6,1418,41.9450710328,-87.6760594932,17031050700
2014,IL,Illinois,Chicago,Census Tract,19.7,1289,41.9450094768,-87.6809279432,17031050800
2014,IL,Illinois,Chicago,Census Tract,20.8,1391,41.9449465597,-87.6857780033,17031050900
2014,IL,Illinois,Chicago,Census Tract,21.9,1503,41.9413024386,-87.6857317168,17031051000
2014,IL,Illinois,Chicago,Census Tract,20.4,1556,41.941365178,-87.6808266392,17031051100
2014,IL,Illinois,Chicago,Census Tract,20.8,1516,41.941421131,-87.6759518016,17031051200
2014,IL,Illinois,Chicago,Census Tract,19.9,2683,41.9359958706,-87.6758404161,17031051300
2014,IL,Illinois,Chicago,Census Tract,24.3,2077,41.9357489733,-87.6809904769,17031051400
2014,IL,Illinois,Chicago,Census Tract,20.6,2569,41.9575311266,-87.6666112468,17031060100
2014,IL,Illinois,Chicago,Census Tract,22.9,2111,41.9579036958,-87.6715174681,17031060200
2014,IL,Illinois,Chicago,Census Tract,19,2839,41.9506061159,-87.6713316605,17031060300
2014,IL,Illinois,Chicago,Census Tract,19.5,3370,41.9506732151,-87.6665364334,17031060400
2014,IL,Illinois,Chicago,Census Tract,23.9,1309,41.9527200004,-87.6605007508,17031060500
2014,IL,Illinois,Chicago,Census Tract,19.1,4837,41.9534101994,-87.6460571343,17031060800
2014,IL,Illinois,Chicago,Census Tract,21,6867,41.9498222893,-87.6440249098,17031060900
2014,IL,Illinois,Chicago,Census Tract,18.8,1647,41.9492205755,-87.6519702885,17031061000
2014,IL,Illinois,Chicago,Census Tract,18.6,1379,41.9491397601,-87.6568034917,17031061100
2014,IL,Illinois,Chicago,Census Tract,17.9,1889,41.9490599176,-87.6616426946,17031061200
2014,IL,Illinois,Chicago,Census Tract,18.3,1707,41.9452817672,-87.6615446964,17031061500
2014,IL,Illinois,Chicago,Census Tract,22,1112,41.94648949,-87.6471131852,17031061800
2014,IL,Illinois,Chicago,Census Tract,20.4,3433,41.9432367174,-87.6434599282,17031061901
2014,IL,Illinois,Chicago,Census Tract,20.5,4240,41.9439628224,-87.638924155,17031061902
2014,IL,Illinois,Chicago,Census Tract,19.2,2569,41.9425768827,-87.6470785778,17031062000
2014,IL,Illinois,Chicago,Census Tract,18.4,3436,41.9426914727,-87.6517703739,17031062100
2014,IL,Illinois,Chicago,Census Tract,18.3,2870,41.942584682,-87.6566439918,17031062200
2014,IL,Illinois,Chicago,Census Tract,18.8,1513,41.9416277767,-87.66144317,17031062300
2014,IL,Illinois,Chicago,Census Tract,18.1,1421,41.9415555597,-87.6662881642,17031062400
2014,IL,Illinois,Chicago,Census Tract,19.8,1497,41.9414880261,-87.6711072519,17031062500
2014,IL,Illinois,Chicago,Census Tract,19.7,2226,41.935975195,-87.670984279,17031062600
2014,IL,Illinois,Chicago,Census Tract,20.4,2724,41.9360862848,-87.6661103227,17031062700
2014,IL,Illinois,Chicago,Census Tract,18.5,3506,41.9361587078,-87.6612647974,17031062800
2014,IL,Illinois,Chicago,Census Tract,18.4,3976,41.9362370456,-87.6564112612,17031062900
2014,IL,Illinois,Chicago,Census Tract,18.6,2973,41.9363103064,-87.6515617373,17031063000
2014,IL,Illinois,Chicago,Census Tract,19.4,2173,41.938231939,-87.6467798825,17031063100
2014,IL,Illinois,Chicago,Census Tract,19.2,6345,41.9387024797,-87.6383893668,17031063200
2014,IL,Illinois,Chicago,Census Tract,20.6,2641,41.9345408969,-87.6430241747,17031063301
2014,IL,Illinois,Chicago,Census Tract,17.8,3996,41.934764681,-87.6398539791,17031063302
2014,IL,Illinois,Chicago,Census Tract,18.4,1201,41.9347311624,-87.6346613143,17031063303
2014,IL,Illinois,Chicago,Census Tract,19.7,2180,41.9346595399,-87.6467302296,17031063400
2014,IL,Illinois,Chicago,Census Tract,19.9,3796,41.9292776854,-87.6359194687,17031070101
2014,IL,Illinois,Chicago,Census Tract,18.6,2413,41.9305828797,-87.6422020662,17031070102
2014,IL,Illinois,Chicago,Census Tract,17.1,1709,41.9268109825,-87.6426051542,17031070103
2014,IL,Illinois,Chicago,Census Tract,17.9,3900,41.9290778028,-87.6462929876,17031070200
2014,IL,Illinois,Chicago,Census Tract,18.1,3367,41.9290463102,-87.6513102494,17031070300
2014,IL,Illinois,Chicago,Census Tract,19.9,2984,41.9289672575,-87.6561562668,17031070400
2014,IL,Illinois,Chicago,Census Tract,18.7,2928,41.9289455307,-87.6608922187,17031070500
2014,IL,Illinois,Chicago,Census Tract,18.3,2981,41.9287627754,-87.6656766227,17031070600
2014,IL,Illinois,Chicago,Census Tract,20.8,3481,41.9292624333,-87.673802297,17031070700
2014,IL,Illinois,Chicago,Census Tract,17.5,4442,41.9217011748,-87.6559114124,17031071000
2014,IL,Illinois,Chicago,Census Tract,17.1,2944,41.9217777956,-87.6510614151,17031071100
2014,IL,Illinois,Chicago,Census Tract,20.4,1906,41.9218547758,-87.6462106453,17031071200
2014,IL,Illinois,Chicago,Census Tract,17.8,3513,41.9217794297,-87.6414577684,17031071300
2014,IL,Illinois,Chicago,Census Tract,20.8,4570,41.9221645515,-87.6340483969,17031071400
2014,IL,Illinois,Chicago,Census Tract,19.2,5768,41.9145863437,-87.631638533,17031071500
2014,IL,Illinois,Chicago,Census Tract,20.8,1783,41.9164725368,-87.6411828025,17031071600
2014,IL,Illinois,Chicago,Census Tract,22.5,1652,41.9128666312,-87.6410717521,17031071700
2014,IL,Illinois,Chicago,Census Tract,21.7,2646,41.91458552,-87.6459659889,17031071800
2014,IL,Illinois,Chicago,Census Tract,19.6,6013,41.9075536651,-87.6267897687,17031080100
2014,IL,Illinois,Chicago,Census Tract,22.1,3287,41.9094984454,-87.6310054321,17031080201
2014,IL,Illinois,Chicago,Census Tract,19,3498,41.9058597353,-87.6309005273,17031080202
2014,IL,Illinois,Chicago,Census Tract,20.2,4315,41.9074900347,-87.6357986462,17031080300
2014,IL,Illinois,Chicago,Census Tract,33.7,4317,41.9074116159,-87.6409021019,17031080400
2014,IL,Illinois,Chicago,Census Tract,21.7,7546,41.9002655691,-87.6321089319,17031081000
2014,IL,Illinois,Chicago,Census Tract,22.6,3640,41.9002065652,-87.6291090102,17031081100
2014,IL,Illinois,Chicago,Census Tract,18,4059,41.8991538062,-87.6262120444,17031081201
2014,IL,Illinois,Chicago,Census Tract,20.6,2995,41.9020905722,-87.6241815133,17031081202
2014,IL,Illinois,Chicago,Census Tract,19.4,4884,41.8983353966,-87.6207531549,17031081300
2014,IL,Illinois,Chicago,Census Tract,19.6,2279,41.8950390457,-87.6197520152,17031081401
2014,IL,Illinois,Chicago,Census Tract,18.6,4243,41.8929749536,-87.6089208495,17031081402
2014,IL,Illinois,Chicago,Census Tract,17.3,6229,41.8906721159,-87.6196255069,17031081403
2014,IL,Illinois,Chicago,Census Tract,18.7,4379,41.8925591259,-87.6262300247,17031081500
2014,IL,Illinois,Chicago,Census Tract,19.1,3545,41.8921063961,-87.6288737292,17031081600
2014,IL,Illinois,Chicago,Census Tract,19.1,3102,41.8920668836,-87.6318681462,17031081700
2014,IL,Illinois,Chicago,Census Tract,18.4,6866,41.8932555252,-87.6377955087,17031081800
2014,IL,Illinois,Chicago,Census Tract,27.6,1053,41.897983217,-87.641491376,17031081900
2014,IL,Illinois,Chicago,Census Tract,23.2,3405,42.0152551296,-87.8135847151,17031090100
2014,IL,Illinois,Chicago,Census Tract,22.4,6477,42.0055941724,-87.813096198,17031090200
2014,IL,Illinois,Chicago,Census Tract,22.8,1305,41.9991111724,-87.8163630895,17031090300
2014,IL,Illinois,Chicago,Census Tract,23.9,5313,41.989580577,-87.783033561,17031100100
2014,IL,Illinois,Chicago,Census Tract,23.9,6749,41.995616367,-87.7942459007,17031100200
2014,IL,Illinois,Chicago,Census Tract,22.4,6177,41.9887029323,-87.8044058483,17031100300
2014,IL,Illinois,Chicago,Census Tract,22.9,3066,41.9889676258,-87.8180419,17031100400
2014,IL,Illinois,Chicago,Census Tract,22.4,5779,41.9780599522,-87.8197321952,17031100500
2014,IL,Illinois,Chicago,Census Tract,24.7,4832,41.9792043965,-87.7973996,17031100600
2014,IL,Illinois,Chicago,Census Tract,24.1,4826,41.972123463,-87.7976295076,17031100700
2014,IL,Illinois,Chicago,Census Tract,24.3,5254,41.9874833697,-87.7696949768,17031110100
2014,IL,Illinois,Chicago,Census Tract,24,2828,41.9800699062,-87.7734443182,17031110200
2014,IL,Illinois,Chicago,Census Tract,24.3,5161,41.9752908712,-87.7832348871,17031110300
2014,IL,Illinois,Chicago,Census Tract,25,4352,41.9729531949,-87.7726108605,17031110400
2014,IL,Illinois,Chicago,Census Tract,23.5,4639,41.9770023492,-87.7619250136,17031110501
2014,IL,Illinois,Chicago,Census Tract,26.6,3214,41.9702866102,-87.7598503634,17031110502
2014,IL,Illinois,Chicago,Census Tract,21.8,4198,42.0019822034,-87.7750073517,17031120100
2014,IL,Illinois,Chicago,Census Tract,21.7,4430,41.9945294128,-87.757615599,17031120200
2014,IL,Illinois,Chicago,Census Tract,20.3,6365,41.9911136483,-87.7400663329,17031120300
2014,IL,Illinois,Chicago,Census Tract,24,3515,41.9772358803,-87.7521625393,17031120400
2014,IL,Illinois,Chicago,Census Tract,20.9,5133,41.9911041774,-87.7208086934,17031130100
2014,IL,Illinois,Chicago,Census Tract,23.7,1412,41.9808509205,-87.7360664039,17031130200
2014,IL,Illinois,Chicago,Census Tract,21.4,5064,41.9865589725,-87.7133914754,17031130300
2014,IL,Illinois,Chicago,Census Tract,30.9,3729,41.9710844505,-87.7057941657,17031140100
2014,IL,Illinois,Chicago,Census Tract,23.9,5965,41.970694894,-87.7130042477,17031140200
2014,IL,Illinois,Chicago,Census Tract,25.4,2891,41.9692055171,-87.7231695038,17031140301
2014,IL,Illinois,Chicago,Census Tract,26.1,4345,41.9725485094,-87.7237891692,17031140302
2014,IL,Illinois,Chicago,Census Tract,23.3,6805,41.9715370229,-87.7389429985,17031140400
2014,IL,Illinois,Chicago,Census Tract,27.4,3679,41.9653619294,-87.7318319637,17031140500
2014,IL,Illinois,Chicago,Census Tract,26.9,2786,41.9646471901,-87.7258908723,17031140601
2014,IL,Illinois,Chicago,Census Tract,29.4,5397,41.9646520963,-87.721016582,17031140602
2014,IL,Illinois,Chicago,Census Tract,25.2,2933,41.9670374774,-87.7126524873,17031140701
2014,IL,Illinois,Chicago,Census Tract,30.6,6187,41.96354821,-87.7135753129,17031140702
2014,IL,Illinois,Chicago,Census Tract,25.4,6825,41.9644941925,-87.7027751325,17031140800
2014,IL,Illinois,Chicago,Census Tract,27,7540,41.9606749196,-87.7524131015,17031150200
2014,IL,Illinois,Chicago,Census Tract,25.1,7198,41.9605181118,-87.7622858965,17031150300
2014,IL,Illinois,Chicago,Census Tract,26,4793,41.9645676564,-87.7722648137,17031150401
2014,IL,Illinois,Chicago,Census Tract,25.8,3886,41.9567979656,-87.7720436134,17031150402
2014,IL,Illinois,Chicago,Census Tract,23.7,3648,41.9644762772,-87.7819638253,17031150501
2014,IL,Illinois,Chicago,Census Tract,28.2,4205,41.9567784641,-87.7818413578,17031150502
2014,IL,Illinois,Chicago,Census Tract,26.8,4163,41.9494730963,-87.7717578338,17031150600
2014,IL,Illinois,Chicago,Census Tract,28.3,4608,41.9495915671,-87.7619580302,17031150700
2014,IL,Illinois,Chicago,Census Tract,27.7,5280,41.9497086131,-87.7521181621,17031150800
2014,IL,Illinois,Chicago,Census Tract,32.4,2819,41.9423826633,-87.7543526995,17031151001
2014,IL,Illinois,Chicago,Census Tract,29.7,4567,41.9424917749,-87.747155384,17031151002
2014,IL,Illinois,Chicago,Census Tract,30.1,5458,41.9422903432,-87.761717518,17031151100
2014,IL,Illinois,Chicago,Census Tract,27.8,3884,41.9421689859,-87.7714953484,17031151200
2014,IL,Illinois,Chicago,Census Tract,27.1,2485,41.9646284519,-87.7427950936,17031160100
2014,IL,Illinois,Chicago,Census Tract,24.8,3443,41.9587909841,-87.7384019916,17031160200
2014,IL,Illinois,Chicago,Census Tract,28.9,3785,41.9572682221,-87.7308957633,17031160300
2014,IL,Illinois,Chicago,Census Tract,30.4,4768,41.9573657707,-87.7228238529,17031160400
2014,IL,Illinois,Chicago,Census Tract,28.7,4188,41.959209827,-87.7129731664,17031160501
2014,IL,Illinois,Chicago,Census Tract,27.5,3550,41.9555841019,-87.7130876518,17031160502
2014,IL,Illinois,Chicago,Census Tract,28.5,3490,41.9595315311,-87.7021490876,17031160601
2014,IL,Illinois,Chicago,Census Tract,27.9,3589,41.9560929253,-87.7006347391,17031160602
2014,IL,Illinois,Chicago,Census Tract,27.5,5893,41.9504190007,-87.7019832934,17031160700
2014,IL,Illinois,Chicago,Census Tract,26.3,5148,41.9502131357,-87.7128145773,17031160800
2014,IL,Illinois,Chicago,Census Tract,24.2,2405,41.9500820841,-87.7226082331,17031160900
2014,IL,Illinois,Chicago,Census Tract,24.7,1707,41.9499767,-87.7306829266,17031161000
2014,IL,Illinois,Chicago,Census Tract,23.1,1861,41.9498771321,-87.7381512471,17031161100
2014,IL,Illinois,Chicago,Census Tract,28.7,2930,41.9425489555,-87.7385700745,17031161200
2014,IL,Illinois,Chicago,Census Tract,30.5,4117,41.9426994517,-87.7310023082,17031161300
2014,IL,Illinois,Chicago,Census Tract,24,1752,41.9558595216,-87.7948166406,17031170100
2014,IL,Illinois,Chicago,Census Tract,26.6,3892,41.9493528308,-87.7815187828,17031170200
2014,IL,Illinois,Chicago,Census Tract,26.2,5129,41.949124728,-87.7968278205,17031170300
2014,IL,Illinois,Chicago,Census Tract,27.1,3870,41.9489081111,-87.8127106839,17031170400
2014,IL,Illinois,Chicago,Census Tract,24.7,4980,41.9500779975,-87.8288959433,17031170500
2014,IL,Illinois,Chicago,Census Tract,25.1,2498,41.9412942491,-87.8307017439,17031170600
2014,IL,Illinois,Chicago,Census Tract,27.8,2980,41.9414867044,-87.8221641541,17031170700
2014,IL,Illinois,Chicago,Census Tract,25.9,3721,41.9415761666,-87.8123712763,17031170800
2014,IL,Illinois,Chicago,Census Tract,26.1,1713,41.936195846,-87.8116057406,17031170900
2014,IL,Illinois,Chicago,Census Tract,26.4,7287,41.9418071162,-87.7965237446,17031171000
2014,IL,Illinois,Chicago,Census Tract,25.6,4110,41.9420528216,-87.7812865055,17031171100
2014,IL,Illinois,Chicago,Census Tract,28.5,6156,41.9344788737,-87.798673098,17031180100
2014,IL,Illinois,Chicago,Census Tract,33.6,2488,41.9352176387,-87.7443888734,17031190100
2014,IL,Illinois,Chicago,Census Tract,32.3,5853,41.9351136697,-87.7516489298,17031190200
2014,IL,Illinois,Chicago,Census Tract,30.7,5794,41.9349864216,-87.7614634532,17031190300
2014,IL,Illinois,Chicago,Census Tract,29.7,4257,41.9347276834,-87.780952364,17031190401
2014,IL,Illinois,Chicago,Census Tract,31.8,5458,41.9348596373,-87.7712317707,17031190402
2014,IL,Illinois,Chicago,Census Tract,32.1,4545,41.9274146184,-87.7804606071,17031190601
2014,IL,Illinois,Chicago,Census Tract,30.7,5516,41.9275604022,-87.7707370673,17031190602
2014,IL,Illinois,Chicago,Census Tract,31.9,2955,41.9297959102,-87.7614216626,17031190701
2014,IL,Illinois,Chicago,Census Tract,33.5,4869,41.9261630428,-87.7610395391,17031190702
2014,IL,Illinois,Chicago,Census Tract,32.5,6632,41.9278186319,-87.7513623676,17031190800
2014,IL,Illinois,Chicago,Census Tract,32.6,2040,41.9279225962,-87.7441048245,17031190900
2014,IL,Illinois,Chicago,Census Tract,33,2559,41.9192298066,-87.7438009998,17031191000
2014,IL,Illinois,Chicago,Census Tract,34.5,7414,41.9196293422,-87.7509763516,17031191100
2014,IL,Illinois,Chicago,Census Tract,35.5,3853,41.9201432292,-87.7608269555,17031191200
2014,IL,Illinois,Chicago,Census Tract,35.3,5397,41.9201521814,-87.7802654497,17031191301
2014,IL,Illinois,Chicago,Census Tract,35.8,5034,41.9202289,-87.7705333675,17031191302
2014,IL,Illinois,Chicago,Census Tract,30.3,4354,41.9350481286,-87.7376041955,17031200100
2014,IL,Illinois,Chicago,Census Tract,32.5,5427,41.927852269,-87.7356282729,17031200200
2014,IL,Illinois,Chicago,Census Tract,35.4,2209,41.923480542,-87.7341263762,17031200300
2014,IL,Illinois,Chicago,Census Tract,36.6,3603,41.9198284844,-87.7375418964,17031200401
2014,IL,Illinois,Chicago,Census Tract,34.3,4396,41.9196348323,-87.7296789635,17031200402
2014,IL,Illinois,Chicago,Census Tract,27.6,4028,41.9428681075,-87.701330949,17031210100
2014,IL,Illinois,Chicago,Census Tract,32.3,3035,41.9357581406,-87.7302981167,17031210400
2014,IL,Illinois,Chicago,Census Tract,32.1,3900,41.937401293,-87.722330134,17031210501
2014,IL,Illinois,Chicago,Census Tract,33.5,4486,41.9337846267,-87.7220524303,17031210502
2014,IL,Illinois,Chicago,Census Tract,30.3,3104,41.9376356182,-87.7122139948,17031210601
2014,IL,Illinois,Chicago,Census Tract,30.8,4683,41.9341668804,-87.7125728509,17031210602
2014,IL,Illinois,Chicago,Census Tract,28.1,4309,41.9357028994,-87.7038400759,17031210700
2014,IL,Illinois,Chicago,Census Tract,29.3,1196,41.9357455643,-87.698933355,17031210800
2014,IL,Illinois,Chicago,Census Tract,27.8,3068,41.9354390793,-87.6933366361,17031210900
2014,IL,Illinois,Chicago,Census Tract,23.3,2102,41.9284646843,-87.695086341,17031220300
2014,IL,Illinois,Chicago,Census Tract,23.3,2495,41.9284315181,-87.6999683653,17031220400
2014,IL,Illinois,Chicago,Census Tract,23.4,2626,41.9283966009,-87.7049110565,17031220500
2014,IL,Illinois,Chicago,Census Tract,25.8,1766,41.9258252089,-87.7128836553,17031220601
2014,IL,Illinois,Chicago,Census Tract,26.3,5064,41.9293311774,-87.7119813662,17031220602
2014,IL,Illinois,Chicago,Census Tract,30.1,3437,41.9261553915,-87.721565063,17031220701
2014,IL,Illinois,Chicago,Census Tract,33.1,4060,41.9293686896,-87.7242313064,17031220702
2014,IL,Illinois,Chicago,Census Tract,38.3,3498,41.9191816289,-87.7212482948,17031220901
2014,IL,Illinois,Chicago,Census Tract,32.8,3371,41.922711189,-87.7218357297,17031220902
2014,IL,Illinois,Chicago,Census Tract,32.2,2923,41.9209604307,-87.7152525573,17031221000
2014,IL,Illinois,Chicago,Census Tract,30.5,4870,41.9210205416,-87.7103608895,17031221100
2014,IL,Illinois,Chicago,Census Tract,28,2860,41.9210831205,-87.7046499542,17031221200
2014,IL,Illinois,Chicago,Census Tract,26.2,3222,41.9211256768,-87.6997540616,17031221300
2014,IL,Illinois,Chicago,Census Tract,27.2,3020,41.9208013139,-87.6945320393,17031221400
2014,IL,Illinois,Chicago,Census Tract,28.1,2829,41.9216468881,-87.6899513466,17031221500
2014,IL,Illinois,Chicago,Census Tract,22.1,2969,41.9212499127,-87.6850967238,17031221600
2014,IL,Illinois,Chicago,Census Tract,19.4,1912,41.9159095383,-87.6838261964,17031222200
2014,IL,Illinois,Chicago,Census Tract,32,1410,41.9157075469,-87.6995963561,17031222500
2014,IL,Illinois,Chicago,Census Tract,29.2,1602,41.915638768,-87.7044797153,17031222600
2014,IL,Illinois,Chicago,Census Tract,33.6,2235,41.9154908499,-87.7101913828,17031222700
2014,IL,Illinois,Chicago,Census Tract,36.3,1074,41.9154348829,-87.7150953239,17031222800
2014,IL,Illinois,Chicago,Census Tract,34.7,1244,41.9155643521,-87.7200744093,17031222900
2014,IL,Illinois,Chicago,Census Tract,32.1,1623,41.9120286038,-87.7043680922,17031230100
2014,IL,Illinois,Chicago,Census Tract,33.8,2107,41.9118821156,-87.7100949476,17031230200
2014,IL,Illinois,Chicago,Census Tract,36.4,1024,41.911817315,-87.7149889427,17031230300
2014,IL,Illinois,Chicago,Census Tract,34.1,2609,41.9118319606,-87.7215396856,17031230400
2014,IL,Illinois,Chicago,Census Tract,36.8,3570,41.9117235264,-87.7339492806,17031230500
2014,IL,Illinois,Chicago,Census Tract,39.3,6818,41.9061889858,-87.7339951274,17031230600
2014,IL,Illinois,Chicago,Census Tract,36,6364,41.9063400247,-87.7215398864,17031230700
2014,IL,Illinois,Chicago,Census Tract,30.2,1314,41.9058651205,-87.7149563089,17031230800
2014,IL,Illinois,Chicago,Census Tract,34.5,5399,41.9067177374,-87.7103553553,17031230900
2014,IL,Illinois,Chicago,Census Tract,39.3,1236,41.899254252,-87.7150683626,17031231100
2014,IL,Illinois,Chicago,Census Tract,43.2,6095,41.8990614004,-87.7213153443,17031231200
2014,IL,Illinois,Chicago,Census Tract,46.8,6039,41.8917318286,-87.7186559106,17031231500
2014,IL,Illinois,Chicago,Census Tract,21.8,1452,41.9124416732,-87.6701816164,17031240200
2014,IL,Illinois,Chicago,Census Tract,19.1,1317,41.9123661908,-87.6750712895,17031240300
2014,IL,Illinois,Chicago,Census Tract,18.7,2251,41.9119700419,-87.6836365249,17031240500
2014,IL,Illinois,Chicago,Census Tract,25.1,1457,41.9121612671,-87.6897092167,17031240600
2014,IL,Illinois,Chicago,Census Tract,28.3,1535,41.9121171995,-87.6945993685,17031240700
2014,IL,Illinois,Chicago,Census Tract,31.7,1617,41.9121057446,-87.6994821649,17031240800
2014,IL,Illinois,Chicago,Census Tract,28.9,1182,41.9047421591,-87.7018836562,17031240900
2014,IL,Illinois,Chicago,Census Tract,30.5,2047,41.9079977707,-87.6945344158,17031241000
2014,IL,Illinois,Chicago,Census Tract,29.5,3682,41.9066673081,-87.6895820096,17031241100
2014,IL,Illinois,Chicago,Census Tract,23,1696,41.9067070906,-87.6846857728,17031241200
2014,IL,Illinois,Chicago,Census Tract,22.9,1857,41.9067715989,-87.6810250163,17031241300
2014,IL,Illinois,Chicago,Census Tract,21,4595,41.9060233935,-87.6753102574,17031241400
2014,IL,Illinois,Chicago,Census Tract,20.2,2872,41.9083759394,-87.6709374886,17031241500
2014,IL,Illinois,Chicago,Census Tract,21.6,3477,41.9067097107,-87.6653277387,17031241600
2014,IL,Illinois,Chicago,Census Tract,27,4565,41.8997371476,-87.6649536547,17031242000
2014,IL,Illinois,Chicago,Census Tract,20.2,3648,41.8996698963,-87.6698374694,17031242100
2014,IL,Illinois,Chicago,Census Tract,20.5,3590,41.8995893676,-87.6747187653,17031242200
2014,IL,Illinois,Chicago,Census Tract,20,3240,41.8995065453,-87.6796003361,17031242300
2014,IL,Illinois,Chicago,Census Tract,22,2764,41.8994219494,-87.6844900067,17031242400
2014,IL,Illinois,Chicago,Census Tract,27.1,3438,41.8994455326,-87.6893191064,17031242500
2014,IL,Illinois,Chicago,Census Tract,28.2,5831,41.9005601306,-87.6941970242,17031242600
2014,IL,Illinois,Chicago,Census Tract,34.3,2029,41.897425393,-87.6993742486,17031242700
2014,IL,Illinois,Chicago,Census Tract,25.2,1436,41.8926320463,-87.6903237564,17031242800
2014,IL,Illinois,Chicago,Census Tract,25.4,1670,41.8921955345,-87.6842896358,17031242900
2014,IL,Illinois,Chicago,Census Tract,25.5,2204,41.8922753767,-87.6793981417,17031243000
2014,IL,Illinois,Chicago,Census Tract,25.7,2242,41.8923546622,-87.6745067535,17031243100
2014,IL,Illinois,Chicago,Census Tract,23.6,2170,41.8924327728,-87.6696237771,17031243200
2014,IL,Illinois,Chicago,Census Tract,23.4,2386,41.89247817,-87.6647387879,17031243300
2014,IL,Illinois,Chicago,Census Tract,24.7,3001,41.8925577146,-87.6598478569,17031243400
2014,IL,Illinois,Chicago,Census Tract,21.8,2937,41.892653617,-87.6525172462,17031243500
2014,IL,Illinois,Chicago,Census Tract,40.4,2669,41.9123508457,-87.7510729879,17031250200
2014,IL,Illinois,Chicago,Census Tract,41.2,4725,41.9128391261,-87.760838437,17031250300
2014,IL,Illinois,Chicago,Census Tract,40.7,5887,41.9129077727,-87.7753955653,17031250400
2014,IL,Illinois,Chicago,Census Tract,29.2,7538,41.9146186589,-87.7967955436,17031250500
2014,IL,Illinois,Chicago,Census Tract,38.7,4422,41.9056934865,-87.7706303097,17031250600
2014,IL,Illinois,Chicago,Census Tract,44.2,6098,41.9058212772,-87.7608100393,17031250700
2014,IL,Illinois,Chicago,Census Tract,40.8,2488,41.9061817822,-87.7514676486,17031250800
2014,IL,Illinois,Chicago,Census Tract,42.9,1181,41.8986945182,-87.7448924511,17031251000
2014,IL,Illinois,Chicago,Census Tract,42.2,4302,41.8986248201,-87.7520111698,17031251100
2014,IL,Illinois,Chicago,Census Tract,41.6,4196,41.8985490962,-87.7606039604,17031251200
2014,IL,Illinois,Chicago,Census Tract,42.5,4921,41.8984251034,-87.770384929,17031251300
2014,IL,Illinois,Chicago,Census Tract,41.5,3983,41.8909981837,-87.7701295759,17031251400
2014,IL,Illinois,Chicago,Census Tract,43.6,4784,41.8911116984,-87.7603455265,17031251500
2014,IL,Illinois,Chicago,Census Tract,43.3,3649,41.8914065051,-87.751803724,17031251600
2014,IL,Illinois,Chicago,Census Tract,45.1,1495,41.8913843952,-87.7444792752,17031251700
2014,IL,Illinois,Chicago,Census Tract,44.8,5112,41.8841436125,-87.7478885177,17031251800
2014,IL,Illinois,Chicago,Census Tract,46,5731,41.8838195409,-87.7601039585,17031251900
2014,IL,Illinois,Chicago,Census Tract,44.8,5719,41.8836935538,-87.7698734117,17031252000
2014,IL,Illinois,Chicago,Census Tract,43,1370,41.875487647,-87.7695725347,17031252101
2014,IL,Illinois,Chicago,Census Tract,44.8,6438,41.8765922882,-87.7598115683,17031252102
2014,IL,Illinois,Chicago,Census Tract,44.4,2953,41.8766958643,-87.7521051133,17031252201
2014,IL,Illinois,Chicago,Census Tract,43.2,4609,41.8767584426,-87.7445832387,17031252202
2014,IL,Illinois,Chicago,Census Tract,48.1,1248,41.8843593958,-87.7233344781,17031260100
2014,IL,Illinois,Chicago,Census Tract,44.9,1136,41.8843251779,-87.7282293308,17031260200
2014,IL,Illinois,Chicago,Census Tract,44.1,1564,41.8842758266,-87.7331353354,17031260300
2014,IL,Illinois,Chicago,Census Tract,49.1,1271,41.8842145831,-87.7380411289,17031260400
2014,IL,Illinois,Chicago,Census Tract,43,1934,41.8766639866,-87.7377282146,17031260500
2014,IL,Illinois,Chicago,Census Tract,44.8,2478,41.8771077925,-87.7328666521,17031260600
2014,IL,Illinois,Chicago,Census Tract,44.5,2032,41.8770564375,-87.7279957623,17031260700
2014,IL,Illinois,Chicago,Census Tract,46.6,2539,41.8770848413,-87.7230963815,17031260800
2014,IL,Illinois,Chicago,Census Tract,43.9,1480,41.8710297344,-87.7228141482,17031260900
2014,IL,Illinois,Chicago,Census Tract,44.5,2319,41.8713378187,-87.732009356,17031261000
2014,IL,Illinois,Chicago,Census Tract,46.8,1689,41.876232468,-87.7177927896,17031270500
2014,IL,Illinois,Chicago,Census Tract,44.2,1170,41.8773597437,-87.7035621522,17031271200
2014,IL,Illinois,Chicago,Census Tract,45.3,1045,41.8773040307,-87.7084527925,17031271300
2014,IL,Illinois,Chicago,Census Tract,42.3,1527,41.8772429277,-87.7133313722,17031271400
2014,IL,Illinois,Chicago,Census Tract,48.7,1397,41.8717861323,-87.7131559094,17031271500
2014,IL,Illinois,Chicago,Census Tract,44.3,970,41.8714964061,-87.6984896623,17031271800
2014,IL,Illinois,Chicago,Census Tract,18.5,4872,41.8852962477,-87.642804244,17031280100
2014,IL,Illinois,Chicago,Census Tract,42,1366,41.8860096514,-87.6718844875,17031280400
2014,IL,Illinois,Chicago,Census Tract,42.3,755,41.8785967929,-87.6889008801,17031280800
2014,IL,Illinois,Chicago,Census Tract,44.3,942,41.8786309348,-87.685128153,17031280900
2014,IL,Illinois,Chicago,Census Tract,17,4844,41.8792479503,-87.6426236342,17031281900
2014,IL,Illinois,Chicago,Census Tract,32.6,2349,41.8713669053,-87.6886812163,17031282700
2014,IL,Illinois,Chicago,Census Tract,22.4,1691,41.8702682686,-87.6849136099,17031282800
2014,IL,Illinois,Chicago,Census Tract,22.5,2703,41.8692735966,-87.6640457685,17031283100
2014,IL,Illinois,Chicago,Census Tract,26.8,1664,41.8695725892,-87.6591990482,17031283200
2014,IL,Illinois,Chicago,Census Tract,29,3688,41.8634141556,-87.653754692,17031283800
2014,IL,Illinois,Chicago,Census Tract,44.7,4530,41.8624103151,-87.7324566876,17031290900
2014,IL,Illinois,Chicago,Census Tract,43.9,2240,41.8626611985,-87.7128745866,17031291200
2014,IL,Illinois,Chicago,Census Tract,34.5,1055,41.8576414995,-87.6922158435,17031291600
2014,IL,Illinois,Chicago,Census Tract,44.3,2961,41.8566517815,-87.7157067593,17031292200
2014,IL,Illinois,Chicago,Census Tract,47.1,2268,41.8552398985,-87.722399113,17031292400
2014,IL,Illinois,Chicago,Census Tract,42.3,4140,41.855161072,-87.7322429354,17031292500
2014,IL,Illinois,Chicago,Census Tract,38.4,3257,41.847425141,-87.7219392748,17031300500
2014,IL,Illinois,Chicago,Census Tract,36.5,3212,41.8479905056,-87.7173343183,17031300600
2014,IL,Illinois,Chicago,Census Tract,38.1,5194,41.8480720908,-87.7124504053,17031300700
2014,IL,Illinois,Chicago,Census Tract,38.4,4610,41.8481108631,-87.7075818047,17031300800
2014,IL,Illinois,Chicago,Census Tract,38.4,5050,41.848179649,-87.7026992728,17031300900
2014,IL,Illinois,Chicago,Census Tract,37.8,2617,41.8470211918,-87.6979662732,17031301100
2014,IL,Illinois,Chicago,Census Tract,39,4012,41.8484171499,-87.6914770748,17031301200
2014,IL,Illinois,Chicago,Census Tract,36.6,4654,41.8407572163,-87.7122520372,17031301600
2014,IL,Illinois,Chicago,Census Tract,36.8,4381,41.8424805292,-87.7196253862,17031301701
2014,IL,Illinois,Chicago,Census Tract,39.5,4045,41.8388061703,-87.719524397,17031301702
2014,IL,Illinois,Chicago,Census Tract,41,4005,41.8416617883,-87.7350491751,17031301801
2014,IL,Illinois,Chicago,Census Tract,37.5,3518,41.8451846286,-87.7277591498,17031301802
2014,IL,Illinois,Chicago,Census Tract,38.4,5357,41.8395497205,-87.7278708337,17031301803
2014,IL,Illinois,Chicago,Census Tract,27.4,1336,41.856308573,-87.6442092433,17031310200
2014,IL,Illinois,Chicago,Census Tract,27,1697,41.8561398523,-87.6489803645,17031310300
2014,IL,Illinois,Chicago,Census Tract,31.9,1332,41.8565069405,-87.6522612766,17031310400
2014,IL,Illinois,Chicago,Census Tract,35.1,1700,41.855225143,-87.654752523,17031310500
2014,IL,Illinois,Chicago,Census Tract,33.2,5868,41.8563348084,-87.6595656537,17031310600
2014,IL,Illinois,Chicago,Census Tract,31.9,1692,41.8559903405,-87.6649061182,17031310700
2014,IL,Illinois,Chicago,Census Tract,33.1,4516,41.8559337214,-87.6685737461,17031310800
2014,IL,Illinois,Chicago,Census Tract,32.6,5123,41.8557716536,-87.6746740953,17031310900
2014,IL,Illinois,Chicago,Census Tract,18.5,10848,41.8850464805,-87.6209322374,17031320100
2014,IL,Illinois,Chicago,Census Tract,15.3,2518,41.8777213811,-87.6173667589,17031320400
2014,IL,Illinois,Chicago,Census Tract,19.1,4256,41.8706463158,-87.6221615208,17031320600
2014,IL,Illinois,Chicago,Census Tract,22.5,16735,41.8593899232,-87.6152945201,17031330100
2014,IL,Illinois,Chicago,Census Tract,24.3,3806,41.8613413492,-87.6305354336,17031330200
2014,IL,Illinois,Chicago,Census Tract,18.7,1786,41.8428085569,-87.6357910021,17031340300
2014,IL,Illinois,Chicago,Census Tract,17.6,1900,41.841885059,-87.6320352412,17031340400
2014,IL,Illinois,Chicago,Census Tract,24.3,1544,41.8345181885,-87.6329169293,17031340500
2014,IL,Illinois,Chicago,Census Tract,50.7,907,41.8274177202,-87.6325398506,17031340600
2014,IL,Illinois,Chicago,Census Tract,24.6,2144,41.8417493934,-87.608420285,17031350100
2014,IL,Illinois,Chicago,Census Tract,50.3,389,41.8419291173,-87.6283694945,17031350400
2014,IL,Illinois,Chicago,Census Tract,29.8,3267,41.8347835654,-87.6059744754,17031351000
2014,IL,Illinois,Chicago,Census Tract,48.2,1960,41.8277468898,-87.6141997547,17031351100
2014,IL,Illinois,Chicago,Census Tract,46.6,1437,41.8274004887,-87.624089041,17031351400
2014,IL,Illinois,Chicago,Census Tract,32.4,255,41.8272742441,-87.6277462429,17031351500
2014,IL,Illinois,Chicago,Census Tract,46.4,1443,41.826875747,-87.609905153,17031360200
2014,IL,Illinois,Chicago,Census Tract,40.2,1924,41.8201967927,-87.6101004802,17031380100
2014,IL,Illinois,Chicago,Census Tract,38.5,1680,41.8205740144,-87.6149860634,17031380200
2014,IL,Illinois,Chicago,Census Tract,41.7,752,41.8200988645,-87.6277942461,17031380500
2014,IL,Illinois,Chicago,Census Tract,42.3,1243,41.8138060517,-87.623767979,17031380700
2014,IL,Illinois,Chicago,Census Tract,37.7,2167,41.8085114472,-87.6139991816,17031381200
2014,IL,Illinois,Chicago,Census Tract,42.4,1612,41.8076202167,-87.6214297496,17031381400
2014,IL,Illinois,Chicago,Census Tract,45.6,237,41.8101927028,-87.6228619229,17031381500
2014,IL,Illinois,Chicago,Census Tract,40.7,1188,41.8038481233,-87.6211977585,17031381800
2014,IL,Illinois,Chicago,Census Tract,41.8,1295,41.8039556822,-87.6138884826,17031381900
2014,IL,Illinois,Chicago,Census Tract,34.3,1268,41.8138433783,-87.590630277,17031390100
2014,IL,Illinois,Chicago,Census Tract,34,1840,41.8130410429,-87.5994765435,17031390200
2014,IL,Illinois,Chicago,Census Tract,43,2743,41.8132006244,-87.6042089035,17031390300
2014,IL,Illinois,Chicago,Census Tract,41.3,2934,41.8059243637,-87.6040581899,17031390400
2014,IL,Illinois,Chicago,Census Tract,30.4,1598,41.8059781667,-87.5991987323,17031390500
2014,IL,Illinois,Chicago,Census Tract,25.6,1866,41.8060181291,-87.5943504053,17031390600
2014,IL,Illinois,Chicago,Census Tract,26.2,5592,41.8058919447,-87.5874691589,17031390700
2014,IL,Illinois,Chicago,Census Tract,40,1567,41.7931040318,-87.6131835549,17031400300
2014,IL,Illinois,Chicago,Census Tract,45.1,1955,41.7911262007,-87.6183210549,17031400400
2014,IL,Illinois,Chicago,Census Tract,46.9,2258,41.7910414621,-87.6231791425,17031400500
2014,IL,Illinois,Chicago,Census Tract,46.5,2701,41.7828633369,-87.6205579996,17031400800
2014,IL,Illinois,Chicago,Census Tract,31.6,1802,41.8012586046,-87.5856250544,17031410100
2014,IL,Illinois,Chicago,Census Tract,23.3,1443,41.8016675287,-87.5942678012,17031410200
2014,IL,Illinois,Chicago,Census Tract,27.9,2557,41.7978272622,-87.6037464095,17031410500
2014,IL,Illinois,Chicago,Census Tract,24.7,2327,41.7979710228,-87.5989451394,17031410600
2014,IL,Illinois,Chicago,Census Tract,22.8,2154,41.798039967,-87.5941982487,17031410700
2014,IL,Illinois,Chicago,Census Tract,25.1,2662,41.7979588387,-87.5896243611,17031410800
2014,IL,Illinois,Chicago,Census Tract,26.2,2838,41.7971962552,-87.5823561457,17031410900
2014,IL,Illinois,Chicago,Census Tract,21.8,3309,41.7905100588,-87.5831391371,17031411000
2014,IL,Illinois,Chicago,Census Tract,17.9,2132,41.7904494988,-87.5897021058,17031411100
2014,IL,Illinois,Chicago,Census Tract,19.5,1640,41.790555748,-87.5940172254,17031411200
2014,IL,Illinois,Chicago,Census Tract,44.6,1441,41.7830288855,-87.5825906545,17031420100
2014,IL,Illinois,Chicago,Census Tract,36.1,1723,41.783458236,-87.5935159557,17031420200
2014,IL,Illinois,Chicago,Census Tract,25.9,2488,41.7832240938,-87.5986970152,17031420300
2014,IL,Illinois,Chicago,Census Tract,33.8,1329,41.7831698978,-87.6035583615,17031420400
2014,IL,Illinois,Chicago,Census Tract,42.8,2624,41.7831002542,-87.6084261256,17031420500
2014,IL,Illinois,Chicago,Census Tract,48.9,2219,41.7830135122,-87.6132776945,17031420600
2014,IL,Illinois,Chicago,Census Tract,44.8,3261,41.7766914506,-87.6106932525,17031420700
2014,IL,Illinois,Chicago,Census Tract,43.2,2213,41.7769097768,-87.6032569198,17031420800
2014,IL,Illinois,Chicago,Census Tract,43,1380,41.7706569408,-87.6089660272,17031421200
2014,IL,Illinois,Chicago,Census Tract,40.9,3689,41.7698264394,-87.5739529104,17031430101
2014,IL,Illinois,Chicago,Census Tract,39.3,2963,41.7686167638,-87.565708824,17031430102
2014,IL,Illinois,Chicago,Census Tract,43,4680,41.7697313832,-87.5813482978,17031430200
2014,IL,Illinois,Chicago,Census Tract,41.6,2336,41.7696911561,-87.5893535732,17031430300
2014,IL,Illinois,Chicago,Census Tract,46,2892,41.7621777113,-87.5903214485,17031430400
2014,IL,Illinois,Chicago,Census Tract,44.2,3604,41.7642841585,-87.5812736032,17031430500
2014,IL,Illinois,Chicago,Census Tract,39.3,1665,41.7643854483,-87.5713747596,17031430600
2014,IL,Illinois,Chicago,Census Tract,40.3,2210,41.7646271713,-87.5635886417,17031430700
2014,IL,Illinois,Chicago,Census Tract,39.1,1763,41.7607500078,-87.571298261,17031430800
2014,IL,Illinois,Chicago,Census Tract,40.3,1814,41.7606409619,-87.5811851414,17031430900
2014,IL,Illinois,Chicago,Census Tract,35.6,3078,41.7553011286,-87.5711843395,17031431200
2014,IL,Illinois,Chicago,Census Tract,42.9,3545,41.7535301868,-87.5601863478,17031431301
2014,IL,Illinois,Chicago,Census Tract,43.4,4166,41.7583854921,-87.5627859851,17031431302
2014,IL,Illinois,Chicago,Census Tract,40.9,6418,41.7580444487,-87.5523699052,17031431400
2014,IL,Illinois,Chicago,Census Tract,43.1,3746,41.74863493,-87.6013946017,17031440101
2014,IL,Illinois,Chicago,Census Tract,42.3,3127,41.74093569,-87.6011636636,17031440102
2014,IL,Illinois,Chicago,Census Tract,40.9,5060,41.7482100712,-87.6100746264,17031440201
2014,IL,Illinois,Chicago,Census Tract,38.8,2999,41.7409599342,-87.6097620375,17031440202
2014,IL,Illinois,Chicago,Census Tract,35,4757,41.7437381252,-87.6195319637,17031440300
2014,IL,Illinois,Chicago,Census Tract,36.9,2080,41.7326909294,-87.6191603297,17031440600
2014,IL,Illinois,Chicago,Census Tract,37.8,1545,41.7347514088,-87.6096293572,17031440700
2014,IL,Illinois,Chicago,Census Tract,43.4,1800,41.7317123889,-87.6033280346,17031440800
2014,IL,Illinois,Chicago,Census Tract,39.2,2610,41.7286690599,-87.6090058018,17031440900
2014,IL,Illinois,Chicago,Census Tract,39.2,3615,41.7419438631,-87.579089404,17031450300
2014,IL,Illinois,Chicago,Census Tract,40.7,3405,41.7461567337,-87.5357425866,17031460100
2014,IL,Illinois,Chicago,Census Tract,41.4,2385,41.7413868206,-87.547011034,17031460200
2014,IL,Illinois,Chicago,Census Tract,39.2,3404,41.7400278434,-87.5563644945,17031460301
2014,IL,Illinois,Chicago,Census Tract,45.1,3803,41.7470863273,-87.5573905032,17031460302
2014,IL,Illinois,Chicago,Census Tract,39,3705,41.7444905582,-87.5636922254,17031460400
2014,IL,Illinois,Chicago,Census Tract,39,5789,41.7468819217,-87.5726042633,17031460500
2014,IL,Illinois,Chicago,Census Tract,43.3,1183,41.7356326582,-87.5595142489,17031460600
2014,IL,Illinois,Chicago,Census Tract,42.9,3314,41.7355800405,-87.549281327,17031460700
2014,IL,Illinois,Chicago,Census Tract,44,1496,41.7274053155,-87.5465278975,17031461000
2014,IL,Illinois,Chicago,Census Tract,42.2,2916,41.7282208722,-87.5964896297,17031470100
2014,IL,Illinois,Chicago,Census Tract,36,2033,41.735247863,-87.5756027035,17031480100
2014,IL,Illinois,Chicago,Census Tract,38.4,1229,41.7351237271,-87.5898841192,17031480200
2014,IL,Illinois,Chicago,Census Tract,37.4,1468,41.7291942866,-87.5879725556,17031480300
2014,IL,Illinois,Chicago,Census Tract,36.7,5876,41.7284497446,-87.5756385071,17031480400
2014,IL,Illinois,Chicago,Census Tract,37.5,3206,41.7275503705,-87.5590501068,17031480500
2014,IL,Illinois,Chicago,Census Tract,37.6,2033,41.7253815899,-87.6191477141,17031490300
2014,IL,Illinois,Chicago,Census Tract,35.2,1059,41.7236538639,-87.6108237327,17031490400
2014,IL,Illinois,Chicago,Census Tract,32,2242,41.7179275312,-87.6132067766,17031490500
2014,IL,Illinois,Chicago,Census Tract,38.5,1562,41.7179513848,-87.6283323685,17031490600
2014,IL,Illinois,Chicago,Census Tract,41.5,3085,41.710731918,-87.6283647833,17031490700
2014,IL,Illinois,Chicago,Census Tract,39.5,4007,41.7106827593,-87.6153371754,17031490800
2014,IL,Illinois,Chicago,Census Tract,41.7,3891,41.6960581834,-87.6162676497,17031490901
2014,IL,Illinois,Chicago,Census Tract,37.9,5086,41.70328008,-87.6153262135,17031490902
2014,IL,Illinois,Chicago,Census Tract,45.9,5247,41.6997587693,-87.6280505697,17031491000
2014,IL,Illinois,Chicago,Census Tract,37.8,4514,41.6997571667,-87.6376956497,17031491100
2014,IL,Illinois,Chicago,Census Tract,42.6,2444,41.6887764936,-87.6374382708,17031491200
2014,IL,Illinois,Chicago,Census Tract,42.9,2886,41.6888969018,-87.6278035876,17031491300
2014,IL,Illinois,Chicago,Census Tract,41.6,2931,41.6891232558,-87.6168214526,17031491400
2014,IL,Illinois,Chicago,Census Tract,38.5,3644,41.7146840908,-87.595023591,17031500100
2014,IL,Illinois,Chicago,Census Tract,41.2,2015,41.7008559404,-87.6003020657,17031500200
2014,IL,Illinois,Chicago,Census Tract,34.2,1666,41.6893150584,-87.6053697108,17031500300
2014,IL,Illinois,Chicago,Census Tract,35.4,3530,41.7131178435,-87.5498631029,17031510100
2014,IL,Illinois,Chicago,Census Tract,37.6,2986,41.7142533811,-87.5600413746,17031510200
2014,IL,Illinois,Chicago,Census Tract,43.3,5360,41.7157377973,-87.5749725902,17031510300
2014,IL,Illinois,Chicago,Census Tract,36.4,2075,41.7203319196,-87.5304965155,17031520100
2014,IL,Illinois,Chicago,Census Tract,36.8,3817,41.7138015731,-87.5397939315,17031520200
2014,IL,Illinois,Chicago,Census Tract,33.2,6215,41.7011233555,-87.5395570897,17031520300
2014,IL,Illinois,Chicago,Census Tract,31.6,4090,41.7029904792,-87.5307269859,17031520400
2014,IL,Illinois,Chicago,Census Tract,28.2,4301,41.6931168364,-87.5308703199,17031520500
2014,IL,Illinois,Chicago,Census Tract,32.5,2544,41.6895294965,-87.5404038121,17031520600
2014,IL,Illinois,Chicago,Census Tract,40.2,2371,41.6818522765,-87.617939479,17031530100
2014,IL,Illinois,Chicago,Census Tract,47.1,5152,41.6815611738,-87.6323953959,17031530200
2014,IL,Illinois,Chicago,Census Tract,40.3,4273,41.6813142846,-87.6517524087,17031530300
2014,IL,Illinois,Chicago,Census Tract,38,2223,41.6740396042,-87.6515266963,17031530400
2014,IL,Illinois,Chicago,Census Tract,43.1,5402,41.674277914,-87.6321659575,17031530501
2014,IL,Illinois,Chicago,Census Tract,40,1667,41.66480492,-87.6266736873,17031530502
2014,IL,Illinois,Chicago,Census Tract,42,5345,41.6635979619,-87.6374120648,17031530503
2014,IL,Illinois,Chicago,Census Tract,43.5,3207,41.6703911313,-87.6189951734,17031530600
2014,IL,Illinois,Chicago,Census Tract,47.9,3373,41.6502199725,-87.5997934459,17031540101
2014,IL,Illinois,Chicago,Census Tract,49,3109,41.667332349,-87.6054489885,17031540102
2014,IL,Illinois,Chicago,Census Tract,30.9,6628,41.6650328362,-87.5353298117,17031550100
2014,IL,Illinois,Chicago,Census Tract,27.3,2798,41.6534293043,-87.5640100577,17031550200
2014,IL,Illinois,Chicago,Census Tract,32.2,1473,41.8153660967,-87.7412503233,17031560100
2014,IL,Illinois,Chicago,Census Tract,39,1721,41.8113396447,-87.747780444,17031560200
2014,IL,Illinois,Chicago,Census Tract,29,3187,41.8039071511,-87.7479493536,17031560300
2014,IL,Illinois,Chicago,Census Tract,29.8,1516,41.8040085381,-87.7405767903,17031560400
2014,IL,Illinois,Chicago,Census Tract,27.8,3484,41.7964626469,-87.7575201916,17031560700
2014,IL,Illinois,Chicago,Census Tract,24.8,5411,41.796205543,-87.7721659191,17031560800
2014,IL,Illinois,Chicago,Census Tract,25.3,5093,41.795770066,-87.791651376,17031560900
2014,IL,Illinois,Chicago,Census Tract,25.1,5161,41.7885020778,-87.7915032586,17031561000
2014,IL,Illinois,Chicago,Census Tract,25.2,5407,41.7888697597,-87.7719098462,17031561100
2014,IL,Illinois,Chicago,Census Tract,28.4,1257,41.816200641,-87.7189131878,17031570100
2014,IL,Illinois,Chicago,Census Tract,29.5,1943,41.8143803493,-87.7307145214,17031570200
2014,IL,Illinois,Chicago,Census Tract,31.6,6116,41.804144856,-87.7307909069,17031570300
2014,IL,Illinois,Chicago,Census Tract,29,1615,41.8049920993,-87.7191303908,17031570400
2014,IL,Illinois,Chicago,Census Tract,30.7,2462,41.7986014713,-87.732455223,17031570500
2014,IL,Illinois,Chicago,Census Tract,32.4,2989,41.8280542503,-87.690745041,17031580100
2014,IL,Illinois,Chicago,Census Tract,33.8,3515,41.8267718529,-87.699347731,17031580200
2014,IL,Illinois,Chicago,Census Tract,33.1,2426,41.8251875882,-87.7089339535,17031580300
2014,IL,Illinois,Chicago,Census Tract,33.5,4795,41.8152754906,-87.7091844642,17031580400
2014,IL,Illinois,Chicago,Census Tract,33.6,5067,41.8199859857,-87.6994961514,17031580501
2014,IL,Illinois,Chicago,Census Tract,33.7,5349,41.8145617095,-87.699310216,17031580502
2014,IL,Illinois,Chicago,Census Tract,35.8,5531,41.8173979496,-87.692031449,17031580600
2014,IL,Illinois,Chicago,Census Tract,34.6,6137,41.8174881986,-87.6868470056,17031580700
2014,IL,Illinois,Chicago,Census Tract,36,2061,41.8102195114,-87.6866438565,17031580800
2014,IL,Illinois,Chicago,Census Tract,28.2,1672,41.8266632623,-87.6799065202,17031590500
2014,IL,Illinois,Chicago,Census Tract,31.2,3564,41.8268328951,-87.6729254559,17031590600
2014,IL,Illinois,Chicago,Census Tract,30.5,3100,41.8267821282,-87.6638517975,17031590700
2014,IL,Illinois,Chicago,Census Tract,20.9,3891,41.8417184109,-87.6439321237,17031600400
2014,IL,Illinois,Chicago,Census Tract,25.8,2738,41.8422595175,-87.6554678404,17031600600
2014,IL,Illinois,Chicago,Census Tract,24.9,2545,41.8406926888,-87.6606293463,17031600700
2014,IL,Illinois,Chicago,Census Tract,23.7,3699,41.836510004,-87.6531588306,17031600900
2014,IL,Illinois,Chicago,Census Tract,35.7,5658,41.8161778037,-87.6751019933,17031610300
2014,IL,Illinois,Chicago,Census Tract,40.2,2213,41.8103984558,-87.6674491256,17031610400
2014,IL,Illinois,Chicago,Census Tract,26.6,1393,41.8127078821,-87.6384084026,17031610800
2014,IL,Illinois,Chicago,Census Tract,46.6,1098,41.8047713864,-87.6499380815,17031611000
2014,IL,Illinois,Chicago,Census Tract,40.9,2922,41.8050590074,-87.6575817301,17031611100
2014,IL,Illinois,Chicago,Census Tract,41,2824,41.8049939861,-87.6624413703,17031611200
2014,IL,Illinois,Chicago,Census Tract,36.8,3556,41.8049362748,-87.6673038579,17031611300
2014,IL,Illinois,Chicago,Census Tract,38.8,4105,41.8048900943,-87.6721636169,17031611400
2014,IL,Illinois,Chicago,Census Tract,36.8,3567,41.8054483129,-87.6786552811,17031611500
2014,IL,Illinois,Chicago,Census Tract,44.5,1609,41.7975955627,-87.6767426576,17031611600
2014,IL,Illinois,Chicago,Census Tract,41.7,1990,41.7975991787,-87.6719761934,17031611700
2014,IL,Illinois,Chicago,Census Tract,47.6,2139,41.7976477888,-87.667113778,17031611800
2014,IL,Illinois,Chicago,Census Tract,43.8,2045,41.7977430833,-87.6598226392,17031611900
2014,IL,Illinois,Chicago,Census Tract,45.5,1545,41.7978467034,-87.6525358919,17031612000
2014,IL,Illinois,Chicago,Census Tract,41.1,1470,41.7979127729,-87.6476807279,17031612100
2014,IL,Illinois,Chicago,Census Tract,32.6,4289,41.798017634,-87.7180256085,17031620100
2014,IL,Illinois,Chicago,Census Tract,28.9,2223,41.7955214228,-87.7292337398,17031620200
2014,IL,Illinois,Chicago,Census Tract,30.5,6399,41.7895025109,-87.7304437817,17031620300
2014,IL,Illinois,Chicago,Census Tract,31.6,5198,41.7896382081,-87.7181681615,17031620400
2014,IL,Illinois,Chicago,Census Tract,39.6,1156,41.799271495,-87.681668789,17031630100
2014,IL,Illinois,Chicago,Census Tract,35.6,1931,41.802745258,-87.6940452758,17031630200
2014,IL,Illinois,Chicago,Census Tract,35.8,5521,41.7988620823,-87.7086378378,17031630300
2014,IL,Illinois,Chicago,Census Tract,36.2,7083,41.7972545236,-87.698781101,17031630400
2014,IL,Illinois,Chicago,Census Tract,36.1,6364,41.7974274334,-87.6890165197,17031630500
2014,IL,Illinois,Chicago,Census Tract,35.6,7107,41.7899652382,-87.6985724502,17031630800
2014,IL,Illinois,Chicago,Census Tract,35.3,5363,41.7898114642,-87.7083654952,17031630900
2014,IL,Illinois,Chicago,Census Tract,28.4,1211,41.7820943709,-87.7399954185,17031640100
2014,IL,Illinois,Chicago,Census Tract,26.3,6463,41.7815320535,-87.7716352587,17031640300
2014,IL,Illinois,Chicago,Census Tract,26.2,3190,41.7811783033,-87.7912473905,17031640400
2014,IL,Illinois,Chicago,Census Tract,25.7,3491,41.7756823553,-87.7909878603,17031640500
2014,IL,Illinois,Chicago,Census Tract,29.7,3912,41.7760361116,-87.7714298211,17031640600
2014,IL,Illinois,Chicago,Census Tract,28.3,3156,41.7764108968,-87.751934662,17031640700
2014,IL,Illinois,Chicago,Census Tract,29.7,1716,41.7748239668,-87.7397417663,17031640800
2014,IL,Illinois,Chicago,Census Tract,31.9,4816,41.7823762115,-87.7178561732,17031650100
2014,IL,Illinois,Chicago,Census Tract,30.8,7320,41.7822223639,-87.7302264516,17031650200
2014,IL,Illinois,Chicago,Census Tract,30.4,5711,41.7749275256,-87.7299916303,17031650301
2014,IL,Illinois,Chicago,Census Tract,31.2,4344,41.775095346,-87.7177493334,17031650302
2014,IL,Illinois,Chicago,Census Tract,33.5,6743,41.7653248317,-87.7171803437,17031650400
2014,IL,Illinois,Chicago,Census Tract,33.1,4421,41.7622541342,-87.7320578497,17031650500
2014,IL,Illinois,Chicago,Census Tract,42.3,1785,41.7799540493,-87.6982872346,17031660301
2014,IL,Illinois,Chicago,Census Tract,36.1,5527,41.7835956869,-87.6983926256,17031660302
2014,IL,Illinois,Chicago,Census Tract,35.3,5960,41.782532112,-87.7080440756,17031660400
2014,IL,Illinois,Chicago,Census Tract,35.9,5534,41.7752434257,-87.7079431912,17031660500
2014,IL,Illinois,Chicago,Census Tract,40.5,6333,41.7772871605,-87.6933405804,17031660600
2014,IL,Illinois,Chicago,Census Tract,43.7,2366,41.7738453587,-87.6810954614,17031660700
2014,IL,Illinois,Chicago,Census Tract,40.3,5865,41.7736411324,-87.6932655435,17031660800
2014,IL,Illinois,Chicago,Census Tract,42.3,4232,41.7681040643,-87.6979986989,17031660900
2014,IL,Illinois,Chicago,Census Tract,39.7,5706,41.7618185312,-87.6850445903,17031661000
2014,IL,Illinois,Chicago,Census Tract,36.4,6542,41.7607873555,-87.7026881329,17031661100
2014,IL,Illinois,Chicago,Census Tract,44.1,1516,41.790493741,-87.6572083532,17031670100
2014,IL,Illinois,Chicago,Census Tract,46.6,1380,41.7904247914,-87.6620626482,17031670200
2014,IL,Illinois,Chicago,Census Tract,44.9,1411,41.7903576448,-87.6669166928,17031670300
2014,IL,Illinois,Chicago,Census Tract,44.7,1956,41.7902996796,-87.6717697753,17031670400
2014,IL,Illinois,Chicago,Census Tract,42.3,1321,41.7865782876,-87.6764043844,17031670500
2014,IL,Illinois,Chicago,Census Tract,44.4,1650,41.7830055075,-87.671577199,17031670600
2014,IL,Illinois,Chicago,Census Tract,45.4,1491,41.7830686194,-87.6667314612,17031670700
2014,IL,Illinois,Chicago,Census Tract,44.8,1635,41.7831442307,-87.661879013,17031670800
2014,IL,Illinois,Chicago,Census Tract,40.4,1351,41.7832124151,-87.6570220054,17031670900
2014,IL,Illinois,Chicago,Census Tract,46.9,1259,41.7767815578,-87.6617117662,17031671100
2014,IL,Illinois,Chicago,Census Tract,47.8,1252,41.7766992792,-87.6665822535,17031671200
2014,IL,Illinois,Chicago,Census Tract,43.3,2688,41.7739015998,-87.6713493319,17031671300
2014,IL,Illinois,Chicago,Census Tract,42.4,2072,41.7737922088,-87.676228861,17031671400
2014,IL,Illinois,Chicago,Census Tract,46.9,3221,41.7681721498,-87.6696320004,17031671500
2014,IL,Illinois,Chicago,Census Tract,44.5,2495,41.7694999132,-87.6615118309,17031671600
2014,IL,Illinois,Chicago,Census Tract,45.5,1422,41.761401031,-87.6564480764,17031671800
2014,IL,Illinois,Chicago,Census Tract,42,1378,41.7613256478,-87.6612802448,17031671900
2014,IL,Illinois,Chicago,Census Tract,41.5,3735,41.7611985605,-87.6711284531,17031672000
2014,IL,Illinois,Chicago,Census Tract,47.6,1481,41.7905639915,-87.6523524387,17031680500
2014,IL,Illinois,Chicago,Census Tract,47.7,1431,41.783281142,-87.6521652456,17031680600
2014,IL,Illinois,Chicago,Census Tract,45.6,4019,41.7764281505,-87.6376321678,17031680900
2014,IL,Illinois,Chicago,Census Tract,45.7,3498,41.7760394628,-87.6495526263,17031681000
2014,IL,Illinois,Chicago,Census Tract,45.1,3517,41.7687665341,-87.6493595595,17031681100
2014,IL,Illinois,Chicago,Census Tract,44.1,2716,41.7691893118,-87.6384975807,17031681200
2014,IL,Illinois,Chicago,Census Tract,45.8,2936,41.761173389,-87.6398621517,17031681300
2014,IL,Illinois,Chicago,Census Tract,45.3,3247,41.7615308356,-87.6491926438,17031681400
2014,IL,Illinois,Chicago,Census Tract,44.8,2191,41.7686690536,-87.6290140191,17031690300
2014,IL,Illinois,Chicago,Census Tract,43,3464,41.7692585339,-87.6202083588,17031690400
2014,IL,Illinois,Chicago,Census Tract,41,877,41.7681656562,-87.6121085636,17031690500
2014,IL,Illinois,Chicago,Census Tract,42.6,4520,41.7621423715,-87.6103448045,17031690900
2014,IL,Illinois,Chicago,Census Tract,38.2,2492,41.7619654288,-87.6200151072,17031691000
2014,IL,Illinois,Chicago,Census Tract,44.5,3266,41.7617135216,-87.6298720985,17031691100
2014,IL,Illinois,Chicago,Census Tract,42.4,2847,41.7544389061,-87.632180584,17031691200
2014,IL,Illinois,Chicago,Census Tract,38.4,2448,41.7546810947,-87.619847152,17031691300
2014,IL,Illinois,Chicago,Census Tract,38.7,3611,41.7548454886,-87.6101685214,17031691400
2014,IL,Illinois,Chicago,Census Tract,46.2,1930,41.7550430147,-87.6002985782,17031691500
2014,IL,Illinois,Chicago,Census Tract,36.9,3427,41.7535931272,-87.6953090422,17031700100
2014,IL,Illinois,Chicago,Census Tract,32.5,6609,41.7529902489,-87.7238221772,17031700200
2014,IL,Illinois,Chicago,Census Tract,30.6,5728,41.7456224088,-87.7317116658,17031700301
2014,IL,Illinois,Chicago,Census Tract,28.2,5319,41.7383651209,-87.7313064227,17031700302
2014,IL,Illinois,Chicago,Census Tract,32.7,5923,41.7455371038,-87.7120354814,17031700401
2014,IL,Illinois,Chicago,Census Tract,33.4,3914,41.7382301195,-87.7118233941,17031700402
2014,IL,Illinois,Chicago,Census Tract,34.8,7125,41.7462131348,-87.6903422066,17031700501
2014,IL,Illinois,Chicago,Census Tract,34,3036,41.7388519678,-87.6887682715,17031700502
2014,IL,Illinois,Chicago,Census Tract,47.9,1275,41.753391795,-87.6419713139,17031710100
2014,IL,Illinois,Chicago,Census Tract,45.2,5049,41.7551121179,-87.6514276687,17031710200
2014,IL,Illinois,Chicago,Census Tract,44.6,1414,41.7540485144,-87.6611056998,17031710300
2014,IL,Illinois,Chicago,Census Tract,41.1,5651,41.7539186218,-87.6709324443,17031710400
2014,IL,Illinois,Chicago,Census Tract,42.2,4123,41.7475315632,-87.6707872891,17031710500
2014,IL,Illinois,Chicago,Census Tract,43.1,1838,41.7476600673,-87.6609433595,17031710600
2014,IL,Illinois,Chicago,Census Tract,39.9,3583,41.7471101006,-87.6568839345,17031710700
2014,IL,Illinois,Chicago,Census Tract,35.9,5338,41.7478367185,-87.6488125985,17031710800
2014,IL,Illinois,Chicago,Census Tract,45.2,2198,41.7421468873,-87.639689988,17031710900
2014,IL,Illinois,Chicago,Census Tract,42,3475,41.7396436572,-87.6485810671,17031711000
2014,IL,Illinois,Chicago,Census Tract,41.8,2835,41.7395016369,-87.6583001538,17031711100
2014,IL,Illinois,Chicago,Census Tract,40.7,5145,41.7405561283,-87.6698252757,17031711200
2014,IL,Illinois,Chicago,Census Tract,41.9,1626,41.7335044321,-87.6672855526,17031711300
2014,IL,Illinois,Chicago,Census Tract,43.4,2654,41.7336570754,-87.6521235797,17031711400
2014,IL,Illinois,Chicago,Census Tract,40.5,2539,41.7324406581,-87.6386881451,17031711500
2014,IL,Illinois,Chicago,Census Tract,25.4,3300,41.7275944118,-87.6747271927,17031720100
2014,IL,Illinois,Chicago,Census Tract,30.1,4016,41.7130246595,-87.6660502747,17031720200
2014,IL,Illinois,Chicago,Census Tract,24.9,3723,41.7139027366,-87.6771451275,17031720300
2014,IL,Illinois,Chicago,Census Tract,22.5,1924,41.7099918612,-87.6866686432,17031720400
2014,IL,Illinois,Chicago,Census Tract,21.8,2166,41.7028353051,-87.6891011126,17031720500
2014,IL,Illinois,Chicago,Census Tract,23.5,1756,41.7027764484,-87.6772069797,17031720600
2014,IL,Illinois,Chicago,Census Tract,30.1,3149,41.7031071003,-87.6651387855,17031720700
2014,IL,Illinois,Chicago,Census Tract,38.1,2424,41.7251771087,-87.6384256214,17031730100
2014,IL,Illinois,Chicago,Census Tract,40.2,5941,41.7268301758,-87.657911358,17031730201
2014,IL,Illinois,Chicago,Census Tract,38.8,3115,41.7264115554,-87.6485415189,17031730202
2014,IL,Illinois,Chicago,Census Tract,38.6,1166,41.7274628412,-87.6645651413,17031730300
2014,IL,Illinois,Chicago,Census Tract,38.5,3514,41.7178211978,-87.6526425875,17031730400
2014,IL,Illinois,Chicago,Census Tract,36.4,4388,41.7142495331,-87.6381385928,17031730500
2014,IL,Illinois,Chicago,Census Tract,36.8,3614,41.7106003195,-87.6504857044,17031730600
2014,IL,Illinois,Chicago,Census Tract,40.2,2331,41.7030816926,-87.650079222,17031730700
2014,IL,Illinois,Chicago,Census Tract,23.8,3048,41.6972863765,-87.6986083626,17031740100
2014,IL,Illinois,Chicago,Census Tract,22.4,6547,41.7047146948,-87.7127054794,17031740200
2014,IL,Illinois,Chicago,Census Tract,23.3,4713,41.6950693321,-87.7107232609,17031740300
2014,IL,Illinois,Chicago,Census Tract,25.3,4785,41.687210209,-87.7192240089,17031740400
2014,IL,Illinois,Chicago,Census Tract,38.7,4147,41.6958344731,-87.652028296,17031750100
2014,IL,Illinois,Chicago,Census Tract,30.8,3227,41.6956648937,-87.6714250844,17031750200
2014,IL,Illinois,Chicago,Census Tract,24.5,2530,41.6953911139,-87.6861725613,17031750300
2014,IL,Illinois,Chicago,Census Tract,26.4,3009,41.6856568657,-87.6850711855,17031750400
2014,IL,Illinois,Chicago,Census Tract,35.3,5936,41.6846160683,-87.6712332972,17031750500
2014,IL,Illinois,Chicago,Census Tract,40,3681,41.6886311466,-87.6520493427,17031750600
2014,IL,Illinois,Chicago,Census Tract,25.3,4047,41.9834848038,-87.8448474183,17031760801
2014,IL,Illinois,Chicago,Census Tract,25.7,2276,41.9578321489,-87.8472168686,17031760802
2014,IL,Illinois,Chicago,Census Tract,28.1,6236,41.9753463378,-87.8441546682,17031760803
2014,IL,Illinois,Chicago,Census Tract,,1,42.0052126451,-87.9017702716,17031770602
2014,IL,Illinois,Chicago,Census Tract,23.9,196,41.9720753762,-87.8440927896,17031770902
2014,IL,Illinois,Chicago,Census Tract,21.7,281,41.983937948,-87.8311128503,17031810400
2014,IL,Illinois,Chicago,Census Tract,,11,41.6604952158,-87.646955724,17031821402
2014,IL,Illinois,Chicago,Census Tract,,14,41.6881032776,-87.6932734803,17031823304
2014,IL,Illinois,Chicago,Census Tract,33.6,4660,41.8300654267,-87.7239508695,17031830500
2014,IL,Illinois,Chicago,Census Tract,30.6,5005,42.0016980114,-87.6735738331,17031830600
2014,IL,Illinois,Chicago,Census Tract,32.2,4247,41.9609726817,-87.6591715624,17031830700
2014,IL,Illinois,Chicago,Census Tract,21.1,2391,41.9651413267,-87.6765774977,17031830800
2014,IL,Illinois,Chicago,Census Tract,22.8,2877,41.9286297086,-87.6853728498,17031830900
2014,IL,Illinois,Chicago,Census Tract,18.2,2138,41.914787743,-87.6769992949,17031831000
2014,IL,Illinois,Chicago,Census Tract,28.7,7453,41.9428558109,-87.7174955454,17031831100
2014,IL,Illinois,Chicago,Census Tract,34.3,5021,41.9153187969,-87.7322503417,17031831200
2014,IL,Illinois,Chicago,Census Tract,39.1,1280,41.9077663232,-87.7442595482,17031831300
2014,IL,Illinois,Chicago,Census Tract,38.7,2964,41.869118483,-87.756088276,17031831400
2014,IL,Illinois,Chicago,Census Tract,28.4,4079,41.927641955,-87.7880224758,17031831500
2014,IL,Illinois,Chicago,Census Tract,30.7,7270,41.9256105614,-87.7976148751,17031831600
2014,IL,Illinois,Chicago,Census Tract,28.4,2075,41.9526508523,-87.7452551549,17031831700
2014,IL,Illinois,Chicago,Census Tract,21.9,6322,41.9782332192,-87.7164527877,17031831800
2014,IL,Illinois,Chicago,Census Tract,18.2,2717,41.9451690187,-87.6687906502,17031831900
2014,IL,Illinois,Chicago,Census Tract,19.9,1798,41.9462940802,-87.6542981605,17031832000
2014,IL,Illinois,Chicago,Census Tract,23,3297,41.9528214422,-87.6532412709,17031832100
2014,IL,Illinois,Chicago,Census Tract,20,2940,41.9204780209,-87.6799729365,17031832200
2014,IL,Illinois,Chicago,Census Tract,20.7,1870,41.9192070176,-87.6714490286,17031832300
2014,IL,Illinois,Chicago,Census Tract,25,3181,41.9157411019,-87.6922564851,17031832400
2014,IL,Illinois,Chicago,Census Tract,21.9,3606,41.9218777879,-87.6641185592,17031832500
2014,IL,Illinois,Chicago,Census Tract,18.8,3727,41.9147491939,-87.6540551337,17031832600
2014,IL,Illinois,Chicago,Census Tract,19.1,2212,41.874175339,-87.661890808,17031832900
2014,IL,Illinois,Chicago,Census Tract,21.6,2768,41.8852882459,-87.6572424682,17031833000
2014,IL,Illinois,Chicago,Census Tract,22.2,6895,41.8790767309,-87.6570453875,17031833100
2014,IL,Illinois,Chicago,Census Tract,20.3,2278,41.871691451,-87.6541250863,17031833300
2014,IL,Illinois,Chicago,Census Tract,39.6,2714,41.7318647915,-87.547799259,17031833900
2014,IL,Illinois,Chicago,Census Tract,43.1,3632,41.7275359389,-87.6294985039,17031834000
2014,IL,Illinois,Chicago,Census Tract,41.6,4944,41.7555675717,-87.5836069978,17031834200
2014,IL,Illinois,Chicago,Census Tract,37.7,6570,41.7458447465,-87.5917742123,17031834300
2014,IL,Illinois,Chicago,Census Tract,39.8,3772,41.7769448147,-87.596309644,17031834400
2014,IL,Illinois,Chicago,Census Tract,44,1475,41.788082329,-87.6247360033,17031834500
2014,IL,Illinois,Chicago,Census Tract,47.5,3778,41.7872466685,-87.6343056644,17031834600
2014,IL,Illinois,Chicago,Census Tract,46.4,2078,41.790690305,-87.6450333648,17031834700
2014,IL,Illinois,Chicago,Census Tract,43.8,1953,41.783630259,-87.6450878501,17031834800
2014,IL,Illinois,Chicago,Census Tract,46.5,2272,41.7722943003,-87.6567344595,17031834900
2014,IL,Illinois,Chicago,Census Tract,42.4,5778,41.7828494824,-87.686049226,17031835000
2014,IL,Illinois,Chicago,Census Tract,37.5,5369,41.7901575987,-87.6862480382,17031835100
2014,IL,Illinois,Chicago,Census Tract,30.6,2060,41.7966436464,-87.7452866092,17031835200
2014,IL,Illinois,Chicago,Census Tract,43.6,1677,41.8163541362,-87.6325419071,17031835500
2014,IL,Illinois,Chicago,Census Tract,42.8,1199,41.8018354068,-87.6322013168,17031835600
2014,IL,Illinois,Chicago,Census Tract,39.5,1576,41.8130462506,-87.6187192016,17031835800
2014,IL,Illinois,Chicago,Census Tract,43.7,3271,41.8201664418,-87.6214988685,17031835900
2014,IL,Illinois,Chicago,Census Tract,38.7,2177,41.814003568,-87.6116843456,17031836000
2014,IL,Illinois,Chicago,Census Tract,40.5,1761,41.7998050179,-87.6186825067,17031836100
2014,IL,Illinois,Chicago,Census Tract,15.5,1529,41.790469205,-87.6012847521,17031836200
2014,IL,Illinois,Chicago,Census Tract,30,1288,41.8015323097,-87.6017584151,17031836300
2014,IL,Illinois,Chicago,Census Tract,37.9,2979,41.8211751011,-87.5958325077,17031836400
2014,IL,Illinois,Chicago,Census Tract,46,1496,41.8282769861,-87.600637893,17031836500
2014,IL,Illinois,Chicago,Census Tract,33.8,2997,41.898697321,-87.7088059243,17031836600
2014,IL,Illinois,Chicago,Census Tract,41.1,2397,41.8917040441,-87.7021747373,17031836700
2014,IL,Illinois,Chicago,Census Tract,46.7,2661,41.8850448416,-87.7138624806,17031836800
2014,IL,Illinois,Chicago,Census Tract,42.4,1442,41.8818830546,-87.7061361816,17031836900
2014,IL,Illinois,Chicago,Census Tract,42.9,2085,41.8783233823,-87.6986738785,17031837000
2014,IL,Illinois,Chicago,Census Tract,38.7,1819,41.8856736633,-87.6987209657,17031837100
2014,IL,Illinois,Chicago,Census Tract,42.9,2483,41.8716190547,-87.7055523987,17031837300
2014,IL,Illinois,Chicago,Census Tract,42.2,2279,41.8759747139,-87.6938012783,17031837400
2014,IL,Illinois,Chicago,Census Tract,36.4,2796,41.8847501047,-87.6841274003,17031837800
2014,IL,Illinois,Chicago,Census Tract,39.3,2561,41.8773642914,-87.6806501318,17031838000
2014,IL,Illinois,Chicago,Census Tract,30.2,1713,41.8786652126,-87.6716805484,17031838100
2014,IL,Illinois,Chicago,Census Tract,20,1578,41.8704156971,-87.6750793645,17031838200
2014,IL,Illinois,Chicago,Census Tract,32.3,1631,41.9015665455,-87.6384038602,17031838300
2014,IL,Illinois,Chicago,Census Tract,45.4,1598,41.867823267,-87.7008236245,17031838600
2014,IL,Illinois,Chicago,Census Tract,45.7,4484,41.862577533,-87.7201851083,17031838700
2014,IL,Illinois,Chicago,Census Tract,40.7,3233,41.6835098012,-87.5723191487,17031838800
2014,IL,Illinois,Chicago,Census Tract,19.6,7311,41.8710441936,-87.6314045258,17031839000
2014,IL,Illinois,Chicago,Census Tract,20.1,4350,41.8810268625,-87.632746418,17031839100
2014,IL,Illinois,Chicago,Census Tract,32.5,2545,41.8420107017,-87.6220359603,17031839200
2014,IL,Illinois,Chicago,Census Tract,33.9,1545,41.8340974222,-87.6192895173,17031839500
2014,IL,Illinois,Chicago,Census Tract,37.4,1952,41.8274411654,-87.6192494663,17031839600
2014,IL,Illinois,Chicago,Census Tract,26.8,4326,41.833079824,-87.6523571405,17031839700
2014,IL,Illinois,Chicago,Census Tract,21,2730,41.8350674157,-87.6431623535,17031839800
2014,IL,Illinois,Chicago,Census Tract,24.9,4080,41.8271229231,-87.6487068458,17031839900
2014,IL,Illinois,Chicago,Census Tract,22.4,2695,41.8311664549,-87.6382989233,17031840000
2014,IL,Illinois,Chicago,Census Tract,20.1,2935,41.841868084,-87.6392003002,17031840100
2014,IL,Illinois,Chicago,Census Tract,19.7,2338,41.8445748292,-87.6491914727,17031840200
2014,IL,Illinois,Chicago,Census Tract,29.4,3950,41.8320944036,-87.6818820146,17031840300
2014,IL,Illinois,Chicago,Census Tract,27,3326,41.8338478343,-87.6676795275,17031840400
2014,IL,Illinois,Chicago,Census Tract,37.5,4249,41.8529302283,-87.6942664335,17031840700
2014,IL,Illinois,Chicago,Census Tract,36.3,3716,41.8408329726,-87.7073710065,17031840800
2014,IL,Illinois,Chicago,Census Tract,28.5,849,41.8484484623,-87.6173868638,17031841000
2014,IL,Illinois,Chicago,Census Tract,17.2,7254,41.8510058477,-87.6350977762,17031841100
2014,IL,Illinois,Chicago,Census Tract,36,5262,41.8555618749,-87.683341964,17031841200
2014,IL,Illinois,Chicago,Census Tract,34.9,4463,41.8440834829,-87.6830309454,17031841300
2014,IL,Illinois,Chicago,Census Tract,45.5,1559,41.8533098696,-87.714410608,17031841400
2014,IL,Illinois,Chicago,Census Tract,45.6,2962,41.8616225353,-87.7079132076,17031841500
2014,IL,Illinois,Chicago,Census Tract,47.4,1166,41.8553771557,-87.7076032272,17031841600
2014,IL,Illinois,Chicago,Census Tract,42.8,1442,41.853130128,-87.704181782,17031841700
2014,IL,Illinois,Chicago,Census Tract,40.7,2505,41.7663065517,-87.599421257,17031841800
2014,IL,Illinois,Chicago,Census Tract,19.4,4865,41.8678923093,-87.6429687254,17031841900
2014,IL,Illinois,Chicago,Census Tract,22.3,2744,41.8349599718,-87.6251703505,17031842000
2014,IL,Illinois,Chicago,Census Tract,41,6731,41.8952786589,-87.7336103395,17031842100
2014,IL,Illinois,Chicago,Census Tract,25.2,2603,41.9049338817,-87.649885735,17031842200
2014,IL,Illinois,Chicago,Census Tract,24.4,3244,41.902200918,-87.6560663403,17031842300
2014,IL,Illinois,Chicago,Census Tract,39.1,3304,41.7424751824,-87.6300403558,17031842400
2014,IL,Illinois,Chicago,Census Tract,46.6,2451,41.7769504965,-87.623215766,17031842500
2014,IL,Illinois,Chicago,Census Tract,29.2,4133,41.8162185947,-87.6516949593,17031842600
2014,IL,Illinois,Chicago,Census Tract,34.3,7498,41.807533754,-87.6983043178,17031842800
2014,IL,Illinois,Chicago,Census Tract,41.2,2341,41.8631385431,-87.6729378768,17031842900
2014,IL,Illinois,Chicago,Census Tract,45.9,2378,41.8679348063,-87.7227522959,17031843000
2014,IL,Illinois,Chicago,Census Tract,44.7,1892,41.8607500963,-87.7007123476,17031843100
2014,IL,Illinois,Chicago,Census Tract,33.6,2780,41.8474395115,-87.6633945271,17031843200
2014,IL,Illinois,Chicago,Census Tract,43.2,1228,41.8637638526,-87.6925503051,17031843300
2014,IL,Illinois,Chicago,Census Tract,40.9,1451,41.8493271663,-87.7320214174,17031843400
2014,IL,Illinois,Chicago,Census Tract,40.5,11309,41.8382145274,-87.6967543645,17031843500
2014,IL,Illinois,Chicago,Census Tract,41.3,2807,41.8067654084,-87.6089488235,17031843600
2014,IL,Illinois,Chicago,Census Tract,23.3,2117,41.944826532,-87.6907879411,17031843700
2014,IL,Illinois,Chicago,Census Tract,40.3,2110,41.8016568356,-87.640475586,17031843800
2014,IL,Illinois,Chicago,Census Tract,39.8,3533,41.7762070482,-87.5795775179,17031843900
